Geographic Area Name,CBSA code,Metro vs Micro,Population,States,Primary State,Primary State Name
"Aberdeen, SD",10100,Micropolitan Statistical Area,42112,SD,SD,South Dakota
"Aberdeen, WA",10140,Micropolitan Statistical Area,76397,WA,WA,Washington
"Abilene, TX",10180,Metropolitan Statistical Area,178244,TX,TX,Texas
"Ada, OK",10220,Micropolitan Statistical Area,38158,OK,OK,Oklahoma
"Adrian, MI",10300,Micropolitan Statistical Area,98823,MI,MI,Michigan
"Aguadilla, PR",10380,Metropolitan Statistical Area,252430,PR,PR,Puerto Rico
"Akron, OH",10420,Metropolitan Statistical Area,699508,OH,OH,Ohio
"Alamogordo, NM",10460,Micropolitan Statistical Area,68235,NM,NM,New Mexico
"Alamosa, CO",10480,Micropolitan Statistical Area,27622,CO,CO,Colorado
"Albany, GA",10500,Metropolitan Statistical Area,146768,GA,GA,Georgia
"Albany, OR",10540,Metropolitan Statistical Area,129794,OR,OR,Oregon
"Albany-Schenectady-Troy, NY",10580,Metropolitan Statistical Area,902372,NY,NY,New York
"Albemarle, NC",10620,Micropolitan Statistical Area,63557,NC,NC,North Carolina
"Albert Lea, MN",10660,Micropolitan Statistical Area,30752,MN,MN,Minnesota
"Albertville, AL",10700,Micropolitan Statistical Area,98712,AL,AL,Alabama
"Albuquerque, NM",10740,Metropolitan Statistical Area,918567,NM,NM,New Mexico
"Alexander City, AL",10760,Micropolitan Statistical Area,41070,AL,AL,Alabama
"Alexandria, LA",10780,Metropolitan Statistical Area,150593,LA,LA,Louisiana
"Alexandria, MN",10820,Micropolitan Statistical Area,39354,MN,MN,Minnesota
"Alice, TX",10860,Micropolitan Statistical Area,45850,TX,TX,Texas
"Allentown-Bethlehem-Easton, PA-NJ",10900,Metropolitan Statistical Area,866764,PA-NJ,PA,Pennsylvania
"Alma, MI",10940,Micropolitan Statistical Area,41478,MI,MI,Michigan
"Alpena, MI",10980,Micropolitan Statistical Area,28908,MI,MI,Michigan
"Altoona, PA",11020,Metropolitan Statistical Area,121854,PA,PA,Pennsylvania
"Altus, OK",11060,Micropolitan Statistical Area,24730,OK,OK,Oklahoma
"Amarillo, TX",11100,Metropolitan Statistical Area,270207,TX,TX,Texas
"Americus, GA",11140,Micropolitan Statistical Area,33713,GA,GA,Georgia
"Ames, IA",11180,Metropolitan Statistical Area,125261,IA,IA,Iowa
"Amherst Town-Northampton, MA",11200,Metropolitan Statistical Area,156595,MA,MA,Massachusetts
"Amsterdam, NY",11220,Micropolitan Statistical Area,49461,NY,NY,New York
"Anchorage, AK",11260,Metropolitan Statistical Area,399746,AK,AK,Alaska
"Anderson Creek, NC",11360,Micropolitan Statistical Area,136503,NC,NC,North Carolina
"Andrews, TX",11380,Micropolitan Statistical Area,18518,TX,TX,Texas
"Angola, IN",11420,Micropolitan Statistical Area,34648,IN,IN,Indiana
"Ann Arbor, MI",11460,Metropolitan Statistical Area,368394,MI,MI,Michigan
"Anniston-Oxford, AL",11500,Metropolitan Statistical Area,116141,AL,AL,Alabama
"Appleton, WI",11540,Metropolitan Statistical Area,244163,WI,WI,Wisconsin
"Arcadia, FL",11580,Micropolitan Statistical Area,34719,FL,FL,Florida
"Ardmore, OK",11620,Micropolitan Statistical Area,48255,OK,OK,Oklahoma
"Arecibo, PR",11640,Metropolitan Statistical Area,181380,PR,PR,Puerto Rico
"Arkadelphia, AR",11660,Micropolitan Statistical Area,21378,AR,AR,Arkansas
"Arkansas City-Winfield, KS",11680,Micropolitan Statistical Area,34487,KS,KS,Kansas
"Asheville, NC",11700,Metropolitan Statistical Area,410817,NC,NC,North Carolina
"Ashland, OH",11740,Micropolitan Statistical Area,52296,OH,OH,Ohio
"Astoria, OR",11820,Micropolitan Statistical Area,41343,OR,OR,Oregon
"Atchison, KS",11860,Micropolitan Statistical Area,16211,KS,KS,Kansas
"Athens, OH",11900,Micropolitan Statistical Area,61573,OH,OH,Ohio
"Athens, TN",11940,Micropolitan Statistical Area,67211,TN,TN,Tennessee
"Athens, TX",11980,Micropolitan Statistical Area,83658,TX,TX,Texas
"Athens-Clarke County, GA",12020,Metropolitan Statistical Area,218190,GA,GA,Georgia
"Atlanta-Sandy Springs-Roswell, GA",12060,Metropolitan Statistical Area,6176937,GA,GA,Georgia
"Atlantic City-Hammonton, NJ",12100,Metropolitan Statistical Area,369940,NJ,NJ,New Jersey
"Auburn, IN",12140,Micropolitan Statistical Area,43584,IN,IN,Indiana
"Auburn, NY",12180,Micropolitan Statistical Area,75464,NY,NY,New York
"Auburn-Opelika, AL",12220,Metropolitan Statistical Area,196614,AL,AL,Alabama
"Augusta-Richmond County, GA-SC",12260,Metropolitan Statistical Area,618022,GA-SC,GA,Georgia
"Augusta-Waterville, ME",12300,Micropolitan Statistical Area,125614,ME,ME,Maine
"Austin, MN",12380,Micropolitan Statistical Area,40069,MN,MN,Minnesota
"Austin-Round Rock-San Marcos, TX",12420,Metropolitan Statistical Area,2357497,TX,TX,Texas
"Bainbridge, GA",12460,Micropolitan Statistical Area,29118,GA,GA,Georgia
"Baker City, OR",12520,Micropolitan Statistical Area,16796,OR,OR,Oregon
"Bakersfield-Delano, CA",12540,Metropolitan Statistical Area,910433,CA,CA,California
"Baltimore-Columbia-Towson, MD",12580,Metropolitan Statistical Area,2839409,MD,MD,Maryland
"Bangor, ME",12620,Metropolitan Statistical Area,153571,ME,ME,Maine
"Baraboo, WI",12660,Micropolitan Statistical Area,65759,WI,WI,Wisconsin
"Barnstable Town, MA",12700,Metropolitan Statistical Area,230073,MA,MA,Massachusetts
"Barre, VT",12740,Micropolitan Statistical Area,59958,VT,VT,Vermont
"Bartlesville, OK",12780,Micropolitan Statistical Area,52895,OK,OK,Oklahoma
"Batavia, NY",12860,Micropolitan Statistical Area,57943,NY,NY,New York
"Batesville, AR",12900,Micropolitan Statistical Area,38120,AR,AR,Arkansas
"Baton Rouge, LA",12940,Metropolitan Statistical Area,871379,LA,LA,Louisiana
"Battle Creek, MI",12980,Metropolitan Statistical Area,133846,MI,MI,Michigan
"Bay City, MI",13020,Metropolitan Statistical Area,103235,MI,MI,Michigan
"Bay City, TX",13060,Micropolitan Statistical Area,36274,TX,TX,Texas
"Beatrice, NE",13100,Micropolitan Statistical Area,21646,NE,NE,Nebraska
"Beaumont-Port Arthur, TX",13140,Metropolitan Statistical Area,396058,TX,TX,Texas
"Beaver Dam, WI",13180,Micropolitan Statistical Area,88818,WI,WI,Wisconsin
"Beckley, WV",13220,Metropolitan Statistical Area,113653,WV,WV,West Virginia
"Bedford, IN",13260,Micropolitan Statistical Area,45077,IN,IN,Indiana
"Beeville, TX",13300,Micropolitan Statistical Area,31000,TX,TX,Texas
"Bellefontaine, OH",13340,Micropolitan Statistical Area,46140,OH,OH,Ohio
"Bellingham, WA",13380,Metropolitan Statistical Area,228432,WA,WA,Washington
"Bemidji, MN",13420,Micropolitan Statistical Area,46421,MN,MN,Minnesota
"Bend, OR",13460,Metropolitan Statistical Area,253650,OR,OR,Oregon
"Bennington, VT",13540,Micropolitan Statistical Area,37312,VT,VT,Vermont
"Big Rapids, MI",13660,Micropolitan Statistical Area,40321,MI,MI,Michigan
"Big Spring, TX",13700,Micropolitan Statistical Area,33127,TX,TX,Texas
"Billings, MT",13740,Metropolitan Statistical Area,187269,MT,MT,Montana
"Binghamton, NY",13780,Metropolitan Statistical Area,245844,NY,NY,New York
"Birmingham, AL",13820,Metropolitan Statistical Area,1181432,AL,AL,Alabama
"Bishop, CA",13860,Micropolitan Statistical Area,18803,CA,CA,California
"Bismarck, ND",13900,Metropolitan Statistical Area,134286,ND,ND,North Dakota
"Blackfoot, ID",13940,Micropolitan Statistical Area,48993,ID,ID,Idaho
"Blacksburg-Christiansburg-Radford, VA",13980,Metropolitan Statistical Area,181605,VA,VA,Virginia
"Bloomington, IL",14010,Metropolitan Statistical Area,170882,IL,IL,Illinois
"Bloomington, IN",14020,Metropolitan Statistical Area,161256,IN,IN,Indiana
"Bloomsburg-Berwick, PA",14100,Micropolitan Statistical Area,65055,PA,PA,Pennsylvania
"Bluefield, WV-VA",14140,Micropolitan Statistical Area,98995,WV-VA,WV,West Virginia
"Blytheville, AR",14180,Micropolitan Statistical Area,39749,AR,AR,Arkansas
"Bogalusa, LA",14220,Micropolitan Statistical Area,45238,LA,LA,Louisiana
"Boise City, ID",14260,Metropolitan Statistical Area,790640,ID,ID,Idaho
"Bonham, TX",14300,Micropolitan Statistical Area,36525,TX,TX,Texas
"Boone, NC",14380,Micropolitan Statistical Area,54607,NC,NC,North Carolina
"Borger, TX",14420,Micropolitan Statistical Area,20413,TX,TX,Texas
"Boston-Cambridge-Newton, MA-NH",14460,Metropolitan Statistical Area,4917661,MA-NH,MA,Massachusetts
"Boulder, CO",14500,Metropolitan Statistical Area,328317,CO,CO,Colorado
"Bowling Green, KY",14540,Metropolitan Statistical Area,183194,KY,KY,Kentucky
"Bozeman, MT",14580,Metropolitan Statistical Area,122194,MT,MT,Montana
"Bradford, PA",14620,Micropolitan Statistical Area,40149,PA,PA,Pennsylvania
"Brainerd, MN",14660,Micropolitan Statistical Area,97801,MN,MN,Minnesota
"Branson, MO",14700,Micropolitan Statistical Area,56382,MO,MO,Missouri
"Brattleboro, VT",14710,Micropolitan Statistical Area,45913,VT,VT,Vermont
"Breckenridge, CO",14720,Micropolitan Statistical Area,38268,CO,CO,Colorado
"Bremerton-Silverdale-Port Orchard, WA",14740,Metropolitan Statistical Area,276581,WA,WA,Washington
"Brenham, TX",14780,Micropolitan Statistical Area,36156,TX,TX,Texas
"Brevard, NC",14820,Micropolitan Statistical Area,33243,NC,NC,North Carolina
"Bridgeport-Stamford-Danbury, CT",14860,Metropolitan Statistical Area,947528,CT,CT,Connecticut
"Brigham City, UT-ID",14940,Micropolitan Statistical Area,64406,UT-ID,UT,Utah
"Brookhaven, MS",15020,Micropolitan Statistical Area,34830,MS,MS,Mississippi
"Brookings, OR",15060,Micropolitan Statistical Area,23463,OR,OR,Oregon
"Brookings, SD",15100,Micropolitan Statistical Area,34968,SD,SD,South Dakota
"Brownsville-Harlingen, TX",15180,Metropolitan Statistical Area,423192,TX,TX,Texas
"Brownwood, TX",15220,Micropolitan Statistical Area,38294,TX,TX,Texas
"Brunswick-St. Simons, GA",15260,Metropolitan Statistical Area,114345,GA,GA,Georgia
"Bucyrus, OH",15340,Micropolitan Statistical Area,41767,OH,OH,Ohio
"Buffalo-Cheektowaga, NY",15380,Metropolitan Statistical Area,1161385,NY,NY,New York
"Burley, ID",15420,Micropolitan Statistical Area,47087,ID,ID,Idaho
"Burlington, IA-IL",15460,Micropolitan Statistical Area,44881,IA-IL,IA,Iowa
"Burlington, NC",15500,Metropolitan Statistical Area,174286,NC,NC,North Carolina
"Burlington-South Burlington, VT",15540,Metropolitan Statistical Area,226603,VT,VT,Vermont
"Butte-Silver Bow, MT",15580,Micropolitan Statistical Area,35589,MT,MT,Montana
"CaÃ±on City, CO",15860,Micropolitan Statistical Area,49394,CO,CO,Colorado
"Cadillac, MI",15620,Micropolitan Statistical Area,49024,MI,MI,Michigan
"Calhoun, GA",15660,Micropolitan Statistical Area,58336,GA,GA,Georgia
"Cambridge, MD",15700,Micropolitan Statistical Area,32612,MD,MD,Maryland
"Cambridge, OH",15740,Micropolitan Statistical Area,38283,OH,OH,Ohio
"Camden, AR",15780,Micropolitan Statistical Area,27034,AR,AR,Arkansas
"Campbellsville, KY",15820,Micropolitan Statistical Area,37483,KY,KY,Kentucky
"Canton, IL",15900,Micropolitan Statistical Area,33259,IL,IL,Illinois
"Canton-Massillon, OH",15940,Metropolitan Statistical Area,400495,OH,OH,Ohio
"Cape Coral-Fort Myers, FL",15980,Metropolitan Statistical Area,792692,FL,FL,Florida
"Cape Girardeau, MO-IL",16020,Metropolitan Statistical Area,97813,MO-IL,MO,Missouri
"Carbondale, IL",16060,Micropolitan Statistical Area,52706,IL,IL,Illinois
"Carlsbad-Artesia, NM",16100,Micropolitan Statistical Area,61114,NM,NM,New Mexico
"Carroll, IA",16140,Micropolitan Statistical Area,20677,IA,IA,Iowa
"Carson City, NV",16180,Metropolitan Statistical Area,58364,NV,NV,Nevada
"Casper, WY",16220,Metropolitan Statistical Area,79735,WY,WY,Wyoming
"Cedar City, UT",16260,Micropolitan Statistical Area,60201,UT,UT,Utah
"Cedar Rapids, IA",16300,Metropolitan Statistical Area,275960,IA,IA,Iowa
"Cedartown, GA",16340,Micropolitan Statistical Area,43365,GA,GA,Georgia
"Celina, OH",16380,Micropolitan Statistical Area,42438,OH,OH,Ohio
"Centralia, IL",16460,Micropolitan Statistical Area,37294,IL,IL,Illinois
"Centralia, WA",16500,Micropolitan Statistical Area,83925,WA,WA,Washington
"Chambersburg, PA",16540,Metropolitan Statistical Area,156626,PA,PA,Pennsylvania
"Champaign-Urbana, IL",16580,Metropolitan Statistical Area,236196,IL,IL,Illinois
"Charleston, WV",16620,Metropolitan Statistical Area,207456,WV,WV,West Virginia
"Charleston-Mattoon, IL",16660,Micropolitan Statistical Area,46689,IL,IL,Illinois
"Charleston-North Charleston, SC",16700,Metropolitan Statistical Area,817756,SC,SC,South Carolina
"Charlotte-Concord-Gastonia, NC-SC",16740,Metropolitan Statistical Area,2712818,NC-SC,NC,North Carolina
"Charlottesville, VA",16820,Metropolitan Statistical Area,222937,VA,VA,Virginia
"Chattanooga, TN-GA",16860,Metropolitan Statistical Area,569333,TN-GA,TN,Tennessee
"Cheyenne, WY",16940,Metropolitan Statistical Area,100661,WY,WY,Wyoming
"Chicago-Naperville-Elgin, IL-IN",16980,Metropolitan Statistical Area,9359555,IL-IN,IL,Illinois
"Chico, CA",17020,Metropolitan Statistical Area,209470,CA,CA,California
"Chillicothe, OH",17060,Micropolitan Statistical Area,76748,OH,OH,Ohio
"Cincinnati, OH-KY-IN",17140,Metropolitan Statistical Area,2255257,OH-KY-IN,OH,Ohio
"Clarksburg, WV",17220,Micropolitan Statistical Area,89717,WV,WV,West Virginia
"Clarksdale, MS",17260,Micropolitan Statistical Area,20808,MS,MS,Mississippi
"Clarksville, TN-KY",17300,Metropolitan Statistical Area,328626,TN-KY,TN,Tennessee
"Clearlake, CA",17340,Micropolitan Statistical Area,68139,CA,CA,California
"Cleveland, MS",17380,Micropolitan Statistical Area,30163,MS,MS,Mississippi
"Cleveland, OH",17410,Metropolitan Statistical Area,2171978,OH,OH,Ohio
"Cleveland, TN",17420,Metropolitan Statistical Area,127445,TN,TN,Tennessee
"Clewiston, FL",17500,Micropolitan Statistical Area,53122,FL,FL,Florida
"Clinton, IA",17540,Micropolitan Statistical Area,46383,IA,IA,Iowa
"Clovis, NM",17580,Micropolitan Statistical Area,66934,NM,NM,New Mexico
"Coamo, PR",17620,Micropolitan Statistical Area,54358,PR,PR,Puerto Rico
"Coco, PR",17640,Micropolitan Statistical Area,25397,PR,PR,Puerto Rico
"Cody, WY",17650,Micropolitan Statistical Area,30109,WY,WY,Wyoming
"Coeur d'Alene, ID",17660,Metropolitan Statistical Area,177736,ID,ID,Idaho
"Coldwater, MI",17740,Micropolitan Statistical Area,44914,MI,MI,Michigan
"College Station-Bryan, TX",17780,Metropolitan Statistical Area,273280,TX,TX,Texas
"Colorado Springs, CO",17820,Metropolitan Statistical Area,760782,CO,CO,Colorado
"Columbia, MO",17860,Metropolitan Statistical Area,212850,MO,MO,Missouri
"Columbia, SC",17900,Metropolitan Statistical Area,839868,SC,SC,South Carolina
"Columbus, GA-AL",17980,Metropolitan Statistical Area,326136,GA-AL,GA,Georgia
"Columbus, IN",18020,Metropolitan Statistical Area,82881,IN,IN,Indiana
"Columbus, MS",18060,Micropolitan Statistical Area,68323,MS,MS,Mississippi
"Columbus, NE",18100,Micropolitan Statistical Area,44899,NE,NE,Nebraska
"Columbus, OH",18140,Metropolitan Statistical Area,2151847,OH,OH,Ohio
"Concord, NH",18180,Micropolitan Statistical Area,155018,NH,NH,New Hampshire
"Connersville, IN",18220,Micropolitan Statistical Area,23390,IN,IN,Indiana
"Cookeville, TN",18260,Micropolitan Statistical Area,143819,TN,TN,Tennessee
"Coos Bay-North Bend, OR",18300,Micropolitan Statistical Area,64832,OR,OR,Oregon
"Corbin, KY",18340,Micropolitan Statistical Area,149625,KY,KY,Kentucky
"Cordele, GA",18380,Micropolitan Statistical Area,19995,GA,GA,Georgia
"Corinth, MS",18420,Micropolitan Statistical Area,34500,MS,MS,Mississippi
"Cornelia, GA",18460,Micropolitan Statistical Area,46948,GA,GA,Georgia
"Corning, NY",18500,Micropolitan Statistical Area,93034,NY,NY,New York
"Corpus Christi, TX",18580,Metropolitan Statistical Area,446797,TX,TX,Texas
"Corsicana, TX",18620,Micropolitan Statistical Area,53735,TX,TX,Texas
"Cortland, NY",18660,Micropolitan Statistical Area,46401,NY,NY,New York
"Corvallis, OR",18700,Metropolitan Statistical Area,96359,OR,OR,Oregon
"Coshocton, OH",18740,Micropolitan Statistical Area,36679,OH,OH,Ohio
"Crawfordsville, IN",18820,Micropolitan Statistical Area,38155,IN,IN,Indiana
"Crescent City, CA",18860,Micropolitan Statistical Area,27293,CA,CA,California
"Crestview-Fort Walton Beach-Destin, FL",18880,Metropolitan Statistical Area,294127,FL,FL,Florida
"Crossville, TN",18900,Micropolitan Statistical Area,62529,TN,TN,Tennessee
"Cullman, AL",18980,Micropolitan Statistical Area,89463,AL,AL,Alabama
"Cumberland, MD-WV",19060,Micropolitan Statistical Area,94684,MD-WV,MD,Maryland
"Dallas-Fort Worth-Arlington, TX",19100,Metropolitan Statistical Area,7807555,TX,TX,Texas
"Dalton, GA",19140,Metropolitan Statistical Area,143400,GA,GA,Georgia
"Danville, IL",19180,Micropolitan Statistical Area,73179,IL,IL,Illinois
"Danville, KY",19220,Micropolitan Statistical Area,55123,KY,KY,Kentucky
"Danville, VA",19260,Micropolitan Statistical Area,102387,VA,VA,Virginia
"Daphne-Fairhope-Foley, AL",19300,Metropolitan Statistical Area,239945,AL,AL,Alabama
"Davenport-Moline-Rock Island, IA-IL",19340,Metropolitan Statistical Area,381864,IA-IL,IA,Iowa
"Dayton-Kettering-Beavercreek, OH",19430,Metropolitan Statistical Area,813608,OH,OH,Ohio
"Decatur, AL",19460,Metropolitan Statistical Area,156924,AL,AL,Alabama
"Decatur, IL",19500,Metropolitan Statistical Area,102591,IL,IL,Illinois
"Decatur, IN",19540,Micropolitan Statistical Area,35995,IN,IN,Indiana
"Defiance, OH",19580,Micropolitan Statistical Area,38258,OH,OH,Ohio
"Del Rio, TX",19620,Micropolitan Statistical Area,47647,TX,TX,Texas
"Deltona-Daytona Beach-Ormond Beach, FL",19660,Metropolitan Statistical Area,689939,FL,FL,Florida
"Deming, NM",19700,Micropolitan Statistical Area,25420,NM,NM,New Mexico
"Denver-Aurora-Centennial, CO",19740,Metropolitan Statistical Area,2977085,CO,CO,Colorado
"DeRidder, LA",19760,Micropolitan Statistical Area,36646,LA,LA,Louisiana
"Des Moines-West Des Moines, IA",19780,Metropolitan Statistical Area,720331,IA,IA,Iowa
"Detroit Lakes, MN",19810,Micropolitan Statistical Area,35260,MN,MN,Minnesota
"Detroit-Warren-Dearborn, MI",19820,Metropolitan Statistical Area,4367620,MI,MI,Michigan
"Dickinson, ND",19860,Micropolitan Statistical Area,38107,ND,ND,North Dakota
"Dixon, IL",19940,Micropolitan Statistical Area,34058,IL,IL,Illinois
"Dodge City, KS",19980,Micropolitan Statistical Area,34133,KS,KS,Kansas
"Dothan, AL",20020,Metropolitan Statistical Area,151804,AL,AL,Alabama
"Douglas, GA",20060,Micropolitan Statistical Area,51422,GA,GA,Georgia
"Dover, DE",20100,Metropolitan Statistical Area,185043,DE,DE,Delaware
"Dublin, GA",20140,Micropolitan Statistical Area,58811,GA,GA,Georgia
"DuBois, PA",20180,Micropolitan Statistical Area,78902,PA,PA,Pennsylvania
"Dubuque, IA",20220,Metropolitan Statistical Area,98948,IA,IA,Iowa
"Duluth, MN-WI",20260,Metropolitan Statistical Area,280710,MN-WI,MN,Minnesota
"Dumas, TX",20300,Micropolitan Statistical Area,21234,TX,TX,Texas
"Duncan, OK",20340,Micropolitan Statistical Area,43314,OK,OK,Oklahoma
"Durango, CO",20420,Micropolitan Statistical Area,56088,CO,CO,Colorado
"Durant, OK",20460,Micropolitan Statistical Area,47237,OK,OK,Oklahoma
"Durham-Chapel Hill, NC",20500,Metropolitan Statistical Area,594291,NC,NC,North Carolina
"Dyersburg, TN",20540,Micropolitan Statistical Area,36681,TN,TN,Tennessee
"Eagle Pass, TX",20580,Metropolitan Statistical Area,57770,TX,TX,Texas
"East Stroudsburg, PA",20700,Micropolitan Statistical Area,167784,PA,PA,Pennsylvania
"Easton, MD",20660,Micropolitan Statistical Area,37707,MD,MD,Maryland
"Eau Claire, WI",20740,Metropolitan Statistical Area,172886,WI,WI,Wisconsin
"Edwards, CO",20780,Micropolitan Statistical Area,55374,CO,CO,Colorado
"Effingham, IL",20820,Micropolitan Statistical Area,44883,IL,IL,Illinois
"El Campo, TX",20900,Micropolitan Statistical Area,41651,TX,TX,Texas
"El Centro, CA",20940,Metropolitan Statistical Area,179319,CA,CA,California
"El Dorado, AR",20980,Micropolitan Statistical Area,38368,AR,AR,Arkansas
"El Paso, TX",21340,Metropolitan Statistical Area,869606,TX,TX,Texas
"Elizabeth City, NC",21020,Micropolitan Statistical Area,40830,NC,NC,North Carolina
"Elizabethtown, KY",21060,Metropolitan Statistical Area,126480,KY,KY,Kentucky
"Elk City, OK",21120,Micropolitan Statistical Area,22202,OK,OK,Oklahoma
"Elkhart-Goshen, IN",21140,Metropolitan Statistical Area,206868,IN,IN,Indiana
"Elkins, WV",21180,Micropolitan Statistical Area,27782,WV,WV,West Virginia
"Elko, NV",21220,Micropolitan Statistical Area,55512,NV,NV,Nevada
"Ellensburg, WA",21260,Micropolitan Statistical Area,44736,WA,WA,Washington
"Elmira, NY",21300,Metropolitan Statistical Area,82805,NY,NY,New York
"Emporia, KS",21380,Micropolitan Statistical Area,34724,KS,KS,Kansas
"Enid, OK",21420,Metropolitan Statistical Area,62322,OK,OK,Oklahoma
"Enterprise, AL",21460,Micropolitan Statistical Area,54231,AL,AL,Alabama
"Erie, PA",21500,Metropolitan Statistical Area,269544,PA,PA,Pennsylvania
"Escanaba, MI",21540,Micropolitan Statistical Area,36829,MI,MI,Michigan
"EspaÃ±ola, NM",21580,Micropolitan Statistical Area,40165,NM,NM,New Mexico
"Eufaula, AL-GA",21640,Micropolitan Statistical Area,26849,AL-GA,AL,Alabama
"Eugene-Springfield, OR",21660,Metropolitan Statistical Area,382628,OR,OR,Oregon
"Eureka-Arcata, CA",21700,Micropolitan Statistical Area,135418,CA,CA,California
"Evanston, WY-UT",21740,Micropolitan Statistical Area,23193,WY-UT,WY,Wyoming
"Evansville, IN",21780,Metropolitan Statistical Area,269721,IN,IN,Indiana
"Fairbanks-College, AK",21820,Metropolitan Statistical Area,95555,AK,AK,Alaska
"Fairmont, MN",21860,Micropolitan Statistical Area,19864,MN,MN,Minnesota
"Fairmont, WV",21900,Micropolitan Statistical Area,56042,WV,WV,West Virginia
"Fallon, NV",21980,Micropolitan Statistical Area,25614,NV,NV,Nevada
"Fargo, ND-MN",22020,Metropolitan Statistical Area,254914,ND-MN,ND,North Dakota
"Faribault-Northfield, MN",22060,Micropolitan Statistical Area,67389,MN,MN,Minnesota
"Farmington, MO",22100,Micropolitan Statistical Area,66864,MO,MO,Missouri
"Farmington, NM",22140,Metropolitan Statistical Area,121178,NM,NM,New Mexico
"Fayetteville, NC",22180,Metropolitan Statistical Area,389851,NC,NC,North Carolina
"Fayetteville, TN",22190,Micropolitan Statistical Area,35617,TN,TN,Tennessee
"Fayetteville-Springdale-Rogers, AR",22220,Metropolitan Statistical Area,563436,AR,AR,Arkansas
"Fergus Falls, MN",22260,Micropolitan Statistical Area,60281,MN,MN,Minnesota
"Findlay, OH",22300,Micropolitan Statistical Area,74885,OH,OH,Ohio
"Fitzgerald, GA",22340,Micropolitan Statistical Area,17138,GA,GA,Georgia
"Flagstaff, AZ",22380,Metropolitan Statistical Area,144643,AZ,AZ,Arizona
"Flint, MI",22420,Metropolitan Statistical Area,404087,MI,MI,Michigan
"Florence, SC",22500,Metropolitan Statistical Area,199675,SC,SC,South Carolina
"Florence-Muscle Shoals, AL",22520,Metropolitan Statistical Area,152685,AL,AL,Alabama
"Fond du Lac, WI",22540,Metropolitan Statistical Area,104053,WI,WI,Wisconsin
"Forest City, NC",22580,Micropolitan Statistical Area,64850,NC,NC,North Carolina
"Forrest City, AR",22620,Micropolitan Statistical Area,22740,AR,AR,Arkansas
"Fort Collins-Loveland, CO",22660,Metropolitan Statistical Area,363561,CO,CO,Colorado
"Fort Dodge, IA",22700,Micropolitan Statistical Area,36848,IA,IA,Iowa
"Fort Leonard Wood, MO",22780,Micropolitan Statistical Area,53850,MO,MO,Missouri
"Fort Madison, IA",22800,Micropolitan Statistical Area,33175,IA,IA,Iowa
"Fort Morgan, CO",22820,Micropolitan Statistical Area,29186,CO,CO,Colorado
"Fort Payne, AL",22840,Micropolitan Statistical Area,71946,AL,AL,Alabama
"Fort Smith, AR-OK",22900,Metropolitan Statistical Area,228916,AR-OK,AR,Arkansas
"Fort Wayne, IN",23060,Metropolitan Statistical Area,451440,IN,IN,Indiana
"Frankfort, IN",23140,Micropolitan Statistical Area,32967,IN,IN,Indiana
"Frankfort, KY",23180,Micropolitan Statistical Area,75661,KY,KY,Kentucky
"Franklin, KY",23190,Micropolitan Statistical Area,19786,KY,KY,Kentucky
"Fredericksburg, TX",23240,Micropolitan Statistical Area,27202,TX,TX,Texas
"Freeport, IL",23300,Micropolitan Statistical Area,44042,IL,IL,Illinois
"Fremont, NE",23340,Micropolitan Statistical Area,37146,NE,NE,Nebraska
"Fremont, OH",23380,Micropolitan Statistical Area,58770,OH,OH,Ohio
"Fresno, CA",23420,Metropolitan Statistical Area,1170942,CA,CA,California
"Gadsden, AL",23460,Metropolitan Statistical Area,103208,AL,AL,Alabama
"Gaffney, SC",23500,Micropolitan Statistical Area,56299,SC,SC,South Carolina
"Gainesville, FL",23540,Metropolitan Statistical Area,344521,FL,FL,Florida
"Gainesville, GA",23580,Metropolitan Statistical Area,208395,GA,GA,Georgia
"Gainesville, TX",23620,Micropolitan Statistical Area,42473,TX,TX,Texas
"Galesburg, IL",23660,Micropolitan Statistical Area,49294,IL,IL,Illinois
"Gallipolis, OH",23680,Micropolitan Statistical Area,29162,OH,OH,Ohio
"Gallup, NM",23700,Micropolitan Statistical Area,71172,NM,NM,New Mexico
"Garden City, KS",23780,Micropolitan Statistical Area,38001,KS,KS,Kansas
"Gardnerville Ranchos, NV-CA",23820,Micropolitan Statistical Area,51319,NV-CA,NV,Nevada
"Gettysburg, PA",23900,Metropolitan Statistical Area,105183,PA,PA,Pennsylvania
"Gillette, WY",23940,Micropolitan Statistical Area,47018,WY,WY,Wyoming
"Glasgow, KY",23980,Micropolitan Statistical Area,55042,KY,KY,Kentucky
"Glens Falls, NY",24020,Metropolitan Statistical Area,126443,NY,NY,New York
"Gloversville, NY",24100,Micropolitan Statistical Area,52787,NY,NY,New York
"Goldsboro, NC",24140,Metropolitan Statistical Area,117606,NC,NC,North Carolina
"Granbury, TX",24180,Micropolitan Statistical Area,64198,TX,TX,Texas
"Grand Forks, ND-MN",24220,Metropolitan Statistical Area,103669,ND-MN,ND,North Dakota
"Grand Island, NE",24260,Metropolitan Statistical Area,76619,NE,NE,Nebraska
"Grand Junction, CO",24300,Metropolitan Statistical Area,157316,CO,CO,Colorado
"Grand Rapids, MN",24330,Micropolitan Statistical Area,45141,MN,MN,Minnesota
"Grand Rapids-Wyoming-Kentwood, MI",24340,Metropolitan Statistical Area,1154320,MI,MI,Michigan
"Grants Pass, OR",24420,Metropolitan Statistical Area,88069,OR,OR,Oregon
"Great Bend, KS",24460,Micropolitan Statistical Area,25275,KS,KS,Kansas
"Great Falls, MT",24500,Metropolitan Statistical Area,84601,MT,MT,Montana
"Greeley, CO",24540,Metropolitan Statistical Area,340711,CO,CO,Colorado
"Green Bay, WI",24580,Metropolitan Statistical Area,329375,WI,WI,Wisconsin
"Greencastle, IN",24600,Micropolitan Statistical Area,37091,IN,IN,Indiana
"Greeneville, TN",24620,Micropolitan Statistical Area,70919,TN,TN,Tennessee
"Greenfield, MA",24640,Micropolitan Statistical Area,70922,MA,MA,Massachusetts
"Greensboro-High Point, NC",24660,Metropolitan Statistical Area,779894,NC,NC,North Carolina
"Greensburg, IN",24700,Micropolitan Statistical Area,26411,IN,IN,Indiana
"Greenville, MS",24740,Micropolitan Statistical Area,43674,MS,MS,Mississippi
"Greenville, NC",24780,Metropolitan Statistical Area,172279,NC,NC,North Carolina
"Greenville, OH",24820,Micropolitan Statistical Area,51655,OH,OH,Ohio
"Greenville-Anderson-Greer, SC",24860,Metropolitan Statistical Area,945301,SC,SC,South Carolina
"Greenwood, MS",24900,Micropolitan Statistical Area,37260,MS,MS,Mississippi
"Greenwood, SC",24940,Micropolitan Statistical Area,93681,SC,SC,South Carolina
"Grenada, MS",24980,Micropolitan Statistical Area,31050,MS,MS,Mississippi
"Guayama, PR",25020,Metropolitan Statistical Area,67171,PR,PR,Puerto Rico
"Gulfport-Biloxi, MS",25060,Metropolitan Statistical Area,418452,MS,MS,Mississippi
"Guymon, OK",25100,Micropolitan Statistical Area,20880,OK,OK,Oklahoma
"Hagerstown-Martinsburg, MD-WV",25180,Metropolitan Statistical Area,298525,MD-WV,MD,Maryland
"Hailey, ID",25200,Micropolitan Statistical Area,31010,ID,ID,Idaho
"Hammond, LA",25220,Metropolitan Statistical Area,135218,LA,LA,Louisiana
"Hanford-Corcoran, CA",25260,Metropolitan Statistical Area,152830,CA,CA,California
"Hannibal, MO",25300,Micropolitan Statistical Area,38887,MO,MO,Missouri
"Harrisburg-Carlisle, PA",25420,Metropolitan Statistical Area,597894,PA,PA,Pennsylvania
"Harrison, AR",25460,Micropolitan Statistical Area,45071,AR,AR,Arkansas
"Harrisonburg, VA",25500,Metropolitan Statistical Area,136231,VA,VA,Virginia
"Hartford-West Hartford-East Hartford, CT",25540,Metropolitan Statistical Area,1144012,CT,CT,Connecticut
"Hastings, NE",25580,Micropolitan Statistical Area,40503,NE,NE,Nebraska
"Hattiesburg, MS",25620,Metropolitan Statistical Area,154567,MS,MS,Mississippi
"Hays, KS",25700,Micropolitan Statistical Area,28870,KS,KS,Kansas
"Heber, UT",25720,Micropolitan Statistical Area,78517,UT,UT,Utah
"Helena, MT",25740,Metropolitan Statistical Area,92391,MT,MT,Montana
"Hemlock Farms, PA",25770,Micropolitan Statistical Area,59691,PA,PA,Pennsylvania
"Henderson, KY",25775,Micropolitan Statistical Area,57366,KY,KY,Kentucky
"Henderson, NC",25780,Micropolitan Statistical Area,42361,NC,NC,North Carolina
"Hereford, TX",25820,Micropolitan Statistical Area,18487,TX,TX,Texas
"Hermiston-Pendleton, OR",25840,Micropolitan Statistical Area,92336,OR,OR,Oregon
"Hermitage, PA",25850,Micropolitan Statistical Area,109852,PA,PA,Pennsylvania
"Hickory-Lenoir-Morganton, NC",25860,Metropolitan Statistical Area,366972,NC,NC,North Carolina
"Hillsdale, MI",25880,Micropolitan Statistical Area,45658,MI,MI,Michigan
"Hilo-Kailua, HI",25900,Micropolitan Statistical Area,203684,HI,HI,Hawaii
"Hilton Head Island-Bluffton-Port Royal, SC",25940,Metropolitan Statistical Area,222781,SC,SC,South Carolina
"Hinesville, GA",25980,Metropolitan Statistical Area,84338,GA,GA,Georgia
"Hobbs, NM",26020,Micropolitan Statistical Area,73154,NM,NM,New Mexico
"Holland, MI",26090,Micropolitan Statistical Area,120913,MI,MI,Michigan
"Homosassa Springs, FL",26140,Metropolitan Statistical Area,158693,FL,FL,Florida
"Hood River, OR",26220,Micropolitan Statistical Area,23958,OR,OR,Oregon
"Hot Springs, AR",26300,Metropolitan Statistical Area,100062,AR,AR,Arkansas
"Houghton, MI",26340,Micropolitan Statistical Area,39534,MI,MI,Michigan
"Houma-Bayou Cane-Thibodaux, LA",26380,Metropolitan Statistical Area,204032,LA,LA,Louisiana
"Houston-Pasadena-The Woodlands, TX",26420,Metropolitan Statistical Area,7274714,TX,TX,Texas
"Hudson, NY",26460,Micropolitan Statistical Area,61245,NY,NY,New York
"Huntingdon, PA",26500,Micropolitan Statistical Area,43844,PA,PA,Pennsylvania
"Huntington, IN",26540,Micropolitan Statistical Area,36757,IN,IN,Indiana
"Huntington-Ashland, WV-KY-OH",26580,Metropolitan Statistical Area,372801,WV-KY-OH,WV,West Virginia
"Huntsville, AL",26620,Metropolitan Statistical Area,504712,AL,AL,Alabama
"Huntsville, TX",26660,Micropolitan Statistical Area,78292,TX,TX,Texas
"Huron, SD",26700,Micropolitan Statistical Area,19279,SD,SD,South Dakota
"Hutchinson, KS",26740,Micropolitan Statistical Area,61693,KS,KS,Kansas
"Hutchinson, MN",26780,Micropolitan Statistical Area,36771,MN,MN,Minnesota
"Idaho Falls, ID",26820,Metropolitan Statistical Area,161944,ID,ID,Idaho
"Indiana, PA",26860,Micropolitan Statistical Area,83213,PA,PA,Pennsylvania
"Indianapolis-Carmel-Greenwood, IN",26900,Metropolitan Statistical Area,2106327,IN,IN,Indiana
"Iowa City, IA",26980,Metropolitan Statistical Area,177420,IA,IA,Iowa
"Iron Mountain, MI-WI",27020,Micropolitan Statistical Area,30557,MI-WI,MI,Michigan
"Ithaca, NY",27060,Metropolitan Statistical Area,102879,NY,NY,New York
"Jackson, MI",27100,Metropolitan Statistical Area,160187,MI,MI,Michigan
"Jackson, MS",27140,Metropolitan Statistical Area,615908,MS,MS,Mississippi
"Jackson, TN",27180,Metropolitan Statistical Area,180844,TN,TN,Tennessee
"Jackson, WY-ID",27220,Micropolitan Statistical Area,35459,WY-ID,WY,Wyoming
"Jacksonville, FL",27260,Metropolitan Statistical Area,1645707,FL,FL,Florida
"Jacksonville, IL",27300,Micropolitan Statistical Area,37468,IL,IL,Illinois
"Jacksonville, NC",27340,Metropolitan Statistical Area,208537,NC,NC,North Carolina
"Jacksonville, TX",27380,Micropolitan Statistical Area,51143,TX,TX,Texas
"Jamestown, ND",27420,Micropolitan Statistical Area,21525,ND,ND,North Dakota
"Jamestown-Dunkirk, NY",27460,Micropolitan Statistical Area,126329,NY,NY,New York
"Janesville-Beloit, WI",27500,Metropolitan Statistical Area,163944,WI,WI,Wisconsin
"Jasper, IN",27540,Micropolitan Statistical Area,43563,IN,IN,Indiana
"Jefferson City, MO",27620,Metropolitan Statistical Area,150147,MO,MO,Missouri
"Jefferson, GA",27600,Micropolitan Statistical Area,80640,GA,GA,Georgia
"Jesup, GA",27700,Micropolitan Statistical Area,30519,GA,GA,Georgia
"Johnson City, TN",27740,Metropolitan Statistical Area,208934,TN,TN,Tennessee
"Johnstown, PA",27780,Metropolitan Statistical Area,132355,PA,PA,Pennsylvania
"Jonesboro, AR",27860,Metropolitan Statistical Area,134837,AR,AR,Arkansas
"Joplin, MO-KS",27900,Metropolitan Statistical Area,202258,MO-KS,MO,Missouri
"Juneau, AK",27940,Micropolitan Statistical Area,31969,AK,AK,Alaska
"Kahului-Wailuku, HI",27980,Metropolitan Statistical Area,164675,HI,HI,Hawaii
"Kalamazoo-Portage, MI",28020,Metropolitan Statistical Area,261437,MI,MI,Michigan
"Kalispell, MT",28060,Micropolitan Statistical Area,108445,MT,MT,Montana
"Kankakee, IL",28100,Metropolitan Statistical Area,106833,IL,IL,Illinois
"Kansas City, MO-KS",28140,Metropolitan Statistical Area,2202006,MO-KS,MO,Missouri
"Kapaa, HI",28180,Micropolitan Statistical Area,73610,HI,HI,Hawaii
"Kearney, NE",28260,Micropolitan Statistical Area,57020,NE,NE,Nebraska
"Keene, NH",28300,Micropolitan Statistical Area,76945,NH,NH,New Hampshire
"Kendallville, IN",28340,Micropolitan Statistical Area,47417,IN,IN,Indiana
"Kennett, MO",28380,Micropolitan Statistical Area,27795,MO,MO,Missouri
"Kennewick-Richland, WA",28420,Metropolitan Statistical Area,307900,WA,WA,Washington
"Kenosha, WI",28450,Metropolitan Statistical Area,168413,WI,WI,Wisconsin
"Kerrville, TX",28500,Micropolitan Statistical Area,53166,TX,TX,Texas
"Ketchikan, AK",28540,Micropolitan Statistical Area,13870,AK,AK,Alaska
"Key West-Key Largo, FL",28580,Micropolitan Statistical Area,81840,FL,FL,Florida
"Kill Devil Hills, NC",28620,Micropolitan Statistical Area,37534,NC,NC,North Carolina
"Killeen-Temple, TX",28660,Metropolitan Statistical Area,485850,TX,TX,Texas
"Kingsland, GA",28680,Micropolitan Statistical Area,56036,GA,GA,Georgia
"Kingsport-Bristol, TN-VA",28700,Metropolitan Statistical Area,309580,TN-VA,TN,Tennessee
"Kingston, NY",28740,Metropolitan Statistical Area,182109,NY,NY,New York
"Kingsville, TX",28780,Micropolitan Statistical Area,30629,TX,TX,Texas
"Kinston, NC",28820,Micropolitan Statistical Area,54917,NC,NC,North Carolina
"Kirksville, MO",28860,Micropolitan Statistical Area,29268,MO,MO,Missouri
"Kiryas Joel-Poughkeepsie-Newburgh, NY",28880,Metropolitan Statistical Area,700984,NY,NY,New York
"Klamath Falls, OR",28900,Micropolitan Statistical Area,69812,OR,OR,Oregon
"Knoxville, TN",28940,Metropolitan Statistical Area,919553,TN,TN,Tennessee
"Kokomo, IN",29020,Metropolitan Statistical Area,83610,IN,IN,Indiana
"La Crosse-Onalaska, WI-MN",29100,Metropolitan Statistical Area,169945,WI-MN,WI,Wisconsin
"La Grande, OR",29260,Micropolitan Statistical Area,26192,OR,OR,Oregon
"Laconia, NH",29060,Micropolitan Statistical Area,64300,NH,NH,New Hampshire
"Lafayette, LA",29180,Metropolitan Statistical Area,410883,LA,LA,Louisiana
"Lafayette-West Lafayette, IN",29200,Metropolitan Statistical Area,225019,IN,IN,Indiana
"LaGrange, GA-AL",29300,Micropolitan Statistical Area,104271,GA-AL,GA,Georgia
"Lake Charles, LA",29340,Metropolitan Statistical Area,245973,LA,LA,Louisiana
"Lake City, FL",29380,Micropolitan Statistical Area,70755,FL,FL,Florida
"Lake Havasu City-Kingman, AZ",29420,Metropolitan Statistical Area,217420,AZ,AZ,Arizona
"Lake of the Woods, VA",29470,Micropolitan Statistical Area,37208,VA,VA,Virginia
"Lakeland-Winter Haven, FL",29460,Metropolitan Statistical Area,760961,FL,FL,Florida
"Lancaster, PA",29540,Metropolitan Statistical Area,555151,PA,PA,Pennsylvania
"Lansing-East Lansing, MI",29620,Metropolitan Statistical Area,470434,MI,MI,Michigan
"Laramie, WY",29660,Micropolitan Statistical Area,37713,WY,WY,Wyoming
"Laredo, TX",29700,Metropolitan Statistical Area,267731,TX,TX,Texas
"Lares, PR",29720,Micropolitan Statistical Area,27944,PR,PR,Puerto Rico
"Las Cruces, NM",29740,Metropolitan Statistical Area,221665,NM,NM,New Mexico
"Las Vegas, NM",29780,Micropolitan Statistical Area,31212,NM,NM,New Mexico
"Las Vegas-Henderson-North Las Vegas, NV",29820,Metropolitan Statistical Area,2293764,NV,NV,Nevada
"Laurel, MS",29860,Micropolitan Statistical Area,83050,MS,MS,Mississippi
"Laurinburg, NC",29900,Micropolitan Statistical Area,34353,NC,NC,North Carolina
"Lawrence, KS",29940,Metropolitan Statistical Area,119547,KS,KS,Kansas
"Lawrenceburg, TN",29980,Micropolitan Statistical Area,44901,TN,TN,Tennessee
"Lawton, OK",30020,Metropolitan Statistical Area,127174,OK,OK,Oklahoma
"Le Mars, IA",30180,Micropolitan Statistical Area,25699,IA,IA,Iowa
"Lebanon, MO",30060,Micropolitan Statistical Area,36245,MO,MO,Missouri
"Lebanon, PA",30140,Metropolitan Statistical Area,143592,PA,PA,Pennsylvania
"Lebanon-Claremont, NH-VT",30150,Micropolitan Statistical Area,222850,NH-VT,NH,New Hampshire
"Lewisburg, PA",30260,Micropolitan Statistical Area,42570,PA,PA,Pennsylvania
"Lewisburg, TN",30280,Micropolitan Statistical Area,35276,TN,TN,Tennessee
"Lewiston, ID-WA",30300,Metropolitan Statistical Area,64901,ID-WA,ID,Idaho
"Lewiston-Auburn, ME",30340,Metropolitan Statistical Area,112323,ME,ME,Maine
"Lewistown, PA",30380,Micropolitan Statistical Area,46074,PA,PA,Pennsylvania
"Lexington Park, MD",30500,Metropolitan Statistical Area,208163,MD,MD,Maryland
"Lexington, NE",30420,Micropolitan Statistical Area,25949,NE,NE,Nebraska
"Lexington-Fayette, KY",30460,Metropolitan Statistical Area,517378,KY,KY,Kentucky
"Liberal, KS",30580,Micropolitan Statistical Area,21640,KS,KS,Kansas
"Lima, OH",30620,Metropolitan Statistical Area,101685,OH,OH,Ohio
"Lincoln, IL",30660,Micropolitan Statistical Area,27870,IL,IL,Illinois
"Lincoln, NE",30700,Metropolitan Statistical Area,341309,NE,NE,Nebraska
"Little Rock-North Little Rock-Conway, AR",30780,Metropolitan Statistical Area,753605,AR,AR,Arkansas
"Lock Haven, PA",30820,Micropolitan Statistical Area,37707,PA,PA,Pennsylvania
"Logan, UT-ID",30860,Metropolitan Statistical Area,151746,UT-ID,UT,Utah
"Logansport, IN",30900,Micropolitan Statistical Area,37703,IN,IN,Indiana
"Longview, TX",30980,Metropolitan Statistical Area,288921,TX,TX,Texas
"Longview-Kelso, WA",31020,Metropolitan Statistical Area,111539,WA,WA,Washington
"Los Alamos, NM",31060,Micropolitan Statistical Area,19374,NM,NM,New Mexico
"Los Angeles-Long Beach-Anaheim, CA",31080,Metropolitan Statistical Area,13012469,CA,CA,California
"Louisville/Jefferson County, KY-IN",31140,Metropolitan Statistical Area,1361847,KY-IN,KY,Kentucky
"Lubbock, TX",31180,Metropolitan Statistical Area,354782,TX,TX,Texas
"Ludington, MI",31220,Micropolitan Statistical Area,29177,MI,MI,Michigan
"Lufkin, TX",31260,Micropolitan Statistical Area,86791,TX,TX,Texas
"Lumberton, NC",31300,Micropolitan Statistical Area,116858,NC,NC,North Carolina
"Lynchburg, VA",31340,Metropolitan Statistical Area,262716,VA,VA,Virginia
"Macomb, IL",31380,Micropolitan Statistical Area,27102,IL,IL,Illinois
"Macon-Bibb County, GA",31420,Metropolitan Statistical Area,234040,GA,GA,Georgia
"Madison, IN",31500,Micropolitan Statistical Area,33074,IN,IN,Indiana
"Madison, WI",31540,Metropolitan Statistical Area,683967,WI,WI,Wisconsin
"Madisonville, KY",31580,Micropolitan Statistical Area,45143,KY,KY,Kentucky
"Magnolia, AR",31620,Micropolitan Statistical Area,22527,AR,AR,Arkansas
"Malvern, AR",31680,Micropolitan Statistical Area,33142,AR,AR,Arkansas
"Manchester-Nashua, NH",31700,Metropolitan Statistical Area,424732,NH,NH,New Hampshire
"Manhattan, KS",31740,Metropolitan Statistical Area,133413,KS,KS,Kansas
"Manitowoc, WI",31820,Micropolitan Statistical Area,81314,WI,WI,Wisconsin
"Mankato, MN",31860,Metropolitan Statistical Area,103736,MN,MN,Minnesota
"Mansfield, OH",31900,Metropolitan Statistical Area,125138,OH,OH,Ohio
"Marietta, OH",31930,Micropolitan Statistical Area,59318,OH,OH,Ohio
"Marinette, WI-MI",31940,Micropolitan Statistical Area,65202,WI-MI,WI,Wisconsin
"Marion, IN",31980,Micropolitan Statistical Area,66377,IN,IN,Indiana
"Marion, NC",32000,Micropolitan Statistical Area,44679,NC,NC,North Carolina
"Marion, OH",32020,Micropolitan Statistical Area,65145,OH,OH,Ohio
"Marion-Herrin, IL",32060,Micropolitan Statistical Area,66902,IL,IL,Illinois
"Marquette, MI",32100,Micropolitan Statistical Area,66430,MI,MI,Michigan
"Marshall, MN",32140,Micropolitan Statistical Area,25498,MN,MN,Minnesota
"Marshall, MO",32180,Micropolitan Statistical Area,23177,MO,MO,Missouri
"Marshalltown, IA",32260,Micropolitan Statistical Area,39971,IA,IA,Iowa
"Martin, TN",32280,Micropolitan Statistical Area,32959,TN,TN,Tennessee
"Martinsville, VA",32300,Micropolitan Statistical Area,63949,VA,VA,Virginia
"Maryville, MO",32340,Micropolitan Statistical Area,20959,MO,MO,Missouri
"Mason City, IA",32380,Micropolitan Statistical Area,50165,IA,IA,Iowa
"Massena-Ogdensburg, NY",32390,Micropolitan Statistical Area,107796,NY,NY,New York
"MayagÃ¼ez, PR",32420,Metropolitan Statistical Area,211487,PR,PR,Puerto Rico
"Mayfield, KY",32460,Micropolitan Statistical Area,36612,KY,KY,Kentucky
"McAlester, OK",32540,Micropolitan Statistical Area,43629,OK,OK,Oklahoma
"McAllen-Edinburg-Mission, TX",32580,Metropolitan Statistical Area,880921,TX,TX,Texas
"McComb, MS",32620,Micropolitan Statistical Area,53794,MS,MS,Mississippi
"McMinnville, TN",32660,Micropolitan Statistical Area,41587,TN,TN,Tennessee
"McPherson, KS",32700,Micropolitan Statistical Area,30130,KS,KS,Kansas
"Meadville, PA",32740,Micropolitan Statistical Area,83189,PA,PA,Pennsylvania
"Medford, OR",32780,Metropolitan Statistical Area,222563,OR,OR,Oregon
"Memphis, TN-MS-AR",32820,Metropolitan Statistical Area,1341606,TN-MS-AR,TN,Tennessee
"Menomonie, WI",32860,Micropolitan Statistical Area,45349,WI,WI,Wisconsin
"Merced, CA",32900,Metropolitan Statistical Area,285597,CA,CA,California
"Meridian, MS",32940,Micropolitan Statistical Area,87408,MS,MS,Mississippi
"Mexico, MO",33020,Micropolitan Statistical Area,24688,MO,MO,Missouri
"Miami, OK",33060,Micropolitan Statistical Area,30360,OK,OK,Oklahoma
"Miami-Fort Lauderdale-West Palm Beach, FL",33100,Metropolitan Statistical Area,6138876,FL,FL,Florida
"Michigan City-La Porte, IN",33140,Metropolitan Statistical Area,112141,IN,IN,Indiana
"Middlesborough, KY",33180,Micropolitan Statistical Area,23878,KY,KY,Kentucky
"Midland, MI",33220,Metropolitan Statistical Area,83641,MI,MI,Michigan
"Midland, TX",33260,Metropolitan Statistical Area,176726,TX,TX,Texas
"Milledgeville, GA",33300,Micropolitan Statistical Area,43669,GA,GA,Georgia
"Milwaukee-Waukesha, WI",33340,Metropolitan Statistical Area,1566361,WI,WI,Wisconsin
"Minden, LA",33380,Micropolitan Statistical Area,36189,LA,LA,Louisiana
"Mineral Wells, TX",33420,Micropolitan Statistical Area,28920,TX,TX,Texas
"Minneapolis-St. Paul-Bloomington, MN-WI",33460,Metropolitan Statistical Area,3693351,MN-WI,MN,Minnesota
"Minot, ND",33500,Metropolitan Statistical Area,76773,ND,ND,North Dakota
"Missoula, MT",33540,Metropolitan Statistical Area,124435,MT,MT,Montana
"Mitchell, SD",33580,Micropolitan Statistical Area,25779,SD,SD,South Dakota
"Moberly, MO",33620,Micropolitan Statistical Area,24524,MO,MO,Missouri
"Mobile, AL",33660,Metropolitan Statistical Area,413162,AL,AL,Alabama
"Modesto, CA",33700,Metropolitan Statistical Area,552250,CA,CA,California
"Monroe, LA",33740,Metropolitan Statistical Area,224705,LA,LA,Louisiana
"Monroe, MI",33780,Metropolitan Statistical Area,155001,MI,MI,Michigan
"Montgomery, AL",33860,Metropolitan Statistical Area,385159,AL,AL,Alabama
"Monticello, IN",33900,Micropolitan Statistical Area,24709,IN,IN,Indiana
"Monticello, NY",33910,Micropolitan Statistical Area,79147,NY,NY,New York
"Montrose, CO",33940,Micropolitan Statistical Area,43272,CO,CO,Colorado
"Morehead City, NC",33980,Micropolitan Statistical Area,68652,NC,NC,North Carolina
"Morgan City, LA",34020,Micropolitan Statistical Area,48455,LA,LA,Louisiana
"Morgantown, WV",34060,Metropolitan Statistical Area,140724,WV,WV,West Virginia
"Morristown, TN",34100,Metropolitan Statistical Area,120765,TN,TN,Tennessee
"Moscow, ID",34140,Micropolitan Statistical Area,40315,ID,ID,Idaho
"Moses Lake, WA",34180,Micropolitan Statistical Area,100428,WA,WA,Washington
"Moultrie, GA",34220,Micropolitan Statistical Area,45907,GA,GA,Georgia
"Mount Airy, NC",34340,Micropolitan Statistical Area,71407,NC,NC,North Carolina
"Mount Pleasant, MI",34380,Micropolitan Statistical Area,64475,MI,MI,Michigan
"Mount Pleasant, TX",34420,Micropolitan Statistical Area,55950,TX,TX,Texas
"Mount Sterling, KY",34460,Micropolitan Statistical Area,47286,KY,KY,Kentucky
"Mount Vernon, IL",34500,Micropolitan Statistical Area,36808,IL,IL,Illinois
"Mount Vernon, OH",34540,Micropolitan Statistical Area,62888,OH,OH,Ohio
"Mount Vernon-Anacortes, WA",34580,Metropolitan Statistical Area,130407,WA,WA,Washington
"Mountain Home, AR",34260,Micropolitan Statistical Area,42150,AR,AR,Arkansas
"Mountain Home, ID",34300,Micropolitan Statistical Area,29046,ID,ID,Idaho
"Muncie, IN",34620,Metropolitan Statistical Area,112109,IN,IN,Indiana
"Murray, KY",34660,Micropolitan Statistical Area,37882,KY,KY,Kentucky
"Murrells Inlet, SC",34680,Micropolitan Statistical Area,64200,SC,SC,South Carolina
"Muscatine, IA",34700,Micropolitan Statistical Area,42735,IA,IA,Iowa
"Muskegon-Norton Shores, MI",34740,Metropolitan Statistical Area,175378,MI,MI,Michigan
"Muskogee, OK",34780,Micropolitan Statistical Area,66471,OK,OK,Oklahoma
"Myrtle Beach-Conway-North Myrtle Beach, SC",34820,Metropolitan Statistical Area,368937,SC,SC,South Carolina
"Nacogdoches, TX",34860,Micropolitan Statistical Area,64897,TX,TX,Texas
"Nantucket, MA",34880,Micropolitan Statistical Area,14299,MA,MA,Massachusetts
"Napa, CA",34900,Metropolitan Statistical Area,136070,CA,CA,California
"Naples-Marco Island, FL",34940,Metropolitan Statistical Area,387681,FL,FL,Florida
"Nashville-Davidson--Murfreesboro--Franklin, TN",34980,Metropolitan Statistical Area,2043713,TN,TN,Tennessee
"Natchez, MS-LA",35020,Micropolitan Statistical Area,54550,MS-LA,MS,Mississippi
"Natchitoches, LA",35060,Micropolitan Statistical Area,37047,LA,LA,Louisiana
"New Bern, NC",35100,Micropolitan Statistical Area,122634,NC,NC,North Carolina
"New Castle, IN",35220,Micropolitan Statistical Area,48896,IN,IN,Indiana
"New Haven, CT",35300,Metropolitan Statistical Area,566803,CT,CT,Connecticut
"New Iberia, LA",35340,Micropolitan Statistical Area,69194,LA,LA,Louisiana
"New Orleans-Metairie, LA",35380,Metropolitan Statistical Area,988763,LA,LA,Louisiana
"New Philadelphia-Dover, OH",35420,Micropolitan Statistical Area,92585,OH,OH,Ohio
"New Ulm, MN",35580,Micropolitan Statistical Area,25826,MN,MN,Minnesota
"New York-Newark-Jersey City, NY-NJ",35620,Metropolitan Statistical Area,19756722,NY-NJ,NY,New York
"Newberry, SC",35140,Micropolitan Statistical Area,38121,SC,SC,South Carolina
"Newport, OR",35440,Micropolitan Statistical Area,50632,OR,OR,Oregon
"Newport, TN",35460,Micropolitan Statistical Area,36503,TN,TN,Tennessee
"Niles, MI",35660,Metropolitan Statistical Area,153411,MI,MI,Michigan
"Nogales, AZ",35700,Micropolitan Statistical Area,48209,AZ,AZ,Arizona
"Norfolk, NE",35740,Micropolitan Statistical Area,48682,NE,NE,Nebraska
"North Platte, NE",35820,Micropolitan Statistical Area,34934,NE,NE,Nebraska
"North Port-Bradenton-Sarasota, FL",35840,Metropolitan Statistical Area,865031,FL,FL,Florida
"North Wilkesboro, NC",35900,Micropolitan Statistical Area,65983,NC,NC,North Carolina
"Norwalk, OH",35940,Micropolitan Statistical Area,58412,OH,OH,Ohio
"Norwich-New London-Willimantic, CT",35980,Metropolitan Statistical Area,279025,CT,CT,Connecticut
"Oak Harbor, WA",36020,Micropolitan Statistical Area,86747,WA,WA,Washington
"Ocala, FL",36100,Metropolitan Statistical Area,387697,FL,FL,Florida
"Ocean Pines, MD",36180,Micropolitan Statistical Area,53279,MD,MD,Maryland
"Odessa, TX",36220,Metropolitan Statistical Area,163206,TX,TX,Texas
"Ogden, UT",36260,Metropolitan Statistical Area,645510,UT,UT,Utah
"Oil City, PA",36340,Micropolitan Statistical Area,50096,PA,PA,Pennsylvania
"Okeechobee, FL",36380,Micropolitan Statistical Area,40249,FL,FL,Florida
"Oklahoma City, OK",36420,Metropolitan Statistical Area,1445122,OK,OK,Oklahoma
"Olean, NY",36460,Micropolitan Statistical Area,76479,NY,NY,New York
"Olympia-Lacey-Tumwater, WA",36500,Metropolitan Statistical Area,296640,WA,WA,Washington
"Omaha, NE-IA",36540,Metropolitan Statistical Area,972840,NE-IA,NE,Nebraska
"Oneonta, NY",36580,Micropolitan Statistical Area,59738,NY,NY,New York
"Ontario, OR-ID",36620,Micropolitan Statistical Area,57891,OR-ID,OR,Oregon
"Opelousas, LA",36660,Micropolitan Statistical Area,82128,LA,LA,Louisiana
"Orangeburg, SC",36700,Micropolitan Statistical Area,83531,SC,SC,South Carolina
"Orlando-Kissimmee-Sanford, FL",36740,Metropolitan Statistical Area,2721022,FL,FL,Florida
"Oshkosh-Neenah, WI",36780,Metropolitan Statistical Area,171357,WI,WI,Wisconsin
"Oskaloosa, IA",36820,Micropolitan Statistical Area,22045,IA,IA,Iowa
"Othello, WA",36830,Micropolitan Statistical Area,20690,WA,WA,Washington
"Ottawa, IL",36837,Micropolitan Statistical Area,147676,IL,IL,Illinois
"Ottawa, KS",36840,Micropolitan Statistical Area,25994,KS,KS,Kansas
"Ottumwa, IA",36900,Micropolitan Statistical Area,35265,IA,IA,Iowa
"Owatonna, MN",36940,Micropolitan Statistical Area,37413,MN,MN,Minnesota
"Owensboro, KY",36980,Metropolitan Statistical Area,112322,KY,KY,Kentucky
"Owosso, MI",37020,Micropolitan Statistical Area,68061,MI,MI,Michigan
"Oxford, MS",37060,Micropolitan Statistical Area,69359,MS,MS,Mississippi
"Oxnard-Thousand Oaks-Ventura, CA",37100,Metropolitan Statistical Area,838259,CA,CA,California
"Ozark, AL",37120,Micropolitan Statistical Area,49516,AL,AL,Alabama
"Paducah, KY-IL",37140,Metropolitan Statistical Area,102924,KY-IL,KY,Kentucky
"Pahrump, NV",37220,Micropolitan Statistical Area,53207,NV,NV,Nevada
"Palatka, FL",37260,Micropolitan Statistical Area,74235,FL,FL,Florida
"Palestine, TX",37300,Micropolitan Statistical Area,57825,TX,TX,Texas
"Palm Bay-Melbourne-Titusville, FL",37340,Metropolitan Statistical Area,620533,FL,FL,Florida
"Pampa, TX",37420,Micropolitan Statistical Area,21916,TX,TX,Texas
"Panama City-Panama City Beach, FL",37460,Metropolitan Statistical Area,206627,FL,FL,Florida
"Paragould, AR",37500,Micropolitan Statistical Area,46182,AR,AR,Arkansas
"Paris, TN",37540,Micropolitan Statistical Area,32345,TN,TN,Tennessee
"Paris, TX",37580,Micropolitan Statistical Area,62042,TX,TX,Texas
"Parkersburg-Vienna, WV",37620,Metropolitan Statistical Area,88960,WV,WV,West Virginia
"Payson, AZ",37740,Micropolitan Statistical Area,53610,AZ,AZ,Arizona
"Pella, IA",37800,Micropolitan Statistical Area,33551,IA,IA,Iowa
"Pensacola-Ferry Pass-Brent, FL",37860,Metropolitan Statistical Area,516994,FL,FL,Florida
"Peoria, IL",37900,Metropolitan Statistical Area,365773,IL,IL,Illinois
"Peru, IN",37940,Micropolitan Statistical Area,35772,IN,IN,Indiana
"Petoskey, MI",37950,Micropolitan Statistical Area,34159,MI,MI,Michigan
"Philadelphia-Camden-Wilmington, PA-NJ-DE-MD",37980,Metropolitan Statistical Area,6241882,PA-NJ-DE-MD,PA,Pennsylvania
"Phoenix-Mesa-Chandler, AZ",38060,Metropolitan Statistical Area,4941206,AZ,AZ,Arizona
"Picayune, MS",38100,Micropolitan Statistical Area,56781,MS,MS,Mississippi
"Pierre, SD",38180,Micropolitan Statistical Area,20744,SD,SD,South Dakota
"Pikeville, KY",38210,Micropolitan Statistical Area,92808,KY,KY,Kentucky
"Pine Bluff, AR",38220,Micropolitan Statistical Area,73271,AR,AR,Arkansas
"Pinehurst-Southern Pines, NC",38240,Metropolitan Statistical Area,102840,NC,NC,North Carolina
"Pittsburg, KS",38260,Micropolitan Statistical Area,38963,KS,KS,Kansas
"Pittsburgh, PA",38300,Metropolitan Statistical Area,2443921,PA,PA,Pennsylvania
"Pittsfield, MA",38340,Metropolitan Statistical Area,128047,MA,MA,Massachusetts
"Plainview, TX",38380,Micropolitan Statistical Area,37541,TX,TX,Texas
"Platteville, WI",38420,Micropolitan Statistical Area,51678,WI,WI,Wisconsin
"Plattsburgh, NY",38460,Micropolitan Statistical Area,78961,NY,NY,New York
"Plymouth, IN",38500,Micropolitan Statistical Area,46225,IN,IN,Indiana
"Pocatello, ID",38540,Metropolitan Statistical Area,88457,ID,ID,Idaho
"Ponca City, OK",38620,Micropolitan Statistical Area,43731,OK,OK,Oklahoma
"Ponce, PR",38660,Metropolitan Statistical Area,273739,PR,PR,Puerto Rico
"Pontiac, IL",38700,Micropolitan Statistical Area,35659,IL,IL,Illinois
"Poplar Bluff, MO",38740,Micropolitan Statistical Area,42166,MO,MO,Missouri
"Port Angeles, WA",38820,Micropolitan Statistical Area,77593,WA,WA,Washington
"Port Lavaca, TX",38920,Micropolitan Statistical Area,19921,TX,TX,Texas
"Port St. Lucie, FL",38940,Metropolitan Statistical Area,506701,FL,FL,Florida
"Port Townsend, WA",39040,Micropolitan Statistical Area,33313,WA,WA,Washington
"Portland-South Portland, ME",38860,Metropolitan Statistical Area,557764,ME,ME,Maine
"Portland-Vancouver-Hillsboro, OR-WA",38900,Metropolitan Statistical Area,2510529,OR-WA,OR,Oregon
"Portsmouth, OH",39020,Micropolitan Statistical Area,73118,OH,OH,Ohio
"Pottsville, PA",39060,Micropolitan Statistical Area,143259,PA,PA,Pennsylvania
"Prescott Valley-Prescott, AZ",39150,Metropolitan Statistical Area,241656,AZ,AZ,Arizona
"Price, UT",39220,Micropolitan Statistical Area,20446,UT,UT,Utah
"Providence-Warwick, RI-MA",39300,Metropolitan Statistical Area,1673807,RI-MA,RI,Rhode Island
"Provo-Orem-Lehi, UT",39340,Metropolitan Statistical Area,695895,UT,UT,Utah
"Pueblo, CO",39380,Metropolitan Statistical Area,168726,CO,CO,Colorado
"Pullman, WA",39420,Micropolitan Statistical Area,47042,WA,WA,Washington
"Punta Gorda, FL",39460,Metropolitan Statistical Area,195083,FL,FL,Florida
"Putnam, CT",39480,Micropolitan Statistical Area,95829,CT,CT,Connecticut
"Quincy, IL-MO",39500,Micropolitan Statistical Area,75111,IL-MO,IL,Illinois
"Racine-Mount Pleasant, WI",39540,Metropolitan Statistical Area,196888,WI,WI,Wisconsin
"Raleigh-Cary, NC",39580,Metropolitan Statistical Area,1449594,NC,NC,North Carolina
"Rapid City, SD",39660,Metropolitan Statistical Area,151064,SD,SD,South Dakota
"Raymondville, TX",39700,Micropolitan Statistical Area,20218,TX,TX,Texas
"Reading, PA",39740,Metropolitan Statistical Area,429989,PA,PA,Pennsylvania
"Red Bluff, CA",39780,Micropolitan Statistical Area,65520,CA,CA,California
"Red Wing, MN",39860,Micropolitan Statistical Area,47844,MN,MN,Minnesota
"Redding, CA",39820,Metropolitan Statistical Area,181554,CA,CA,California
"Reno, NV",39900,Metropolitan Statistical Area,556539,NV,NV,Nevada
"Rexburg, ID",39940,Micropolitan Statistical Area,67279,ID,ID,Idaho
"Rice Lake, WI",39960,Micropolitan Statistical Area,46741,WI,WI,Wisconsin
"Richmond, IN",39980,Micropolitan Statistical Area,66377,IN,IN,Indiana
"Richmond, VA",40060,Metropolitan Statistical Area,1327321,VA,VA,Virginia
"Richmond-Berea, KY",40080,Micropolitan Statistical Area,124287,KY,KY,Kentucky
"Rifle, CO",40090,Micropolitan Statistical Area,79153,CO,CO,Colorado
"Rio Grande City-Roma, TX",40100,Micropolitan Statistical Area,65809,TX,TX,Texas
"Riverside-San Bernardino-Ontario, CA",40140,Metropolitan Statistical Area,4637725,CA,CA,California
"Riverton, WY",40180,Micropolitan Statistical Area,39472,WY,WY,Wyoming
"Roanoke Rapids, NC",40260,Micropolitan Statistical Area,65431,NC,NC,North Carolina
"Roanoke, VA",40220,Metropolitan Statistical Area,314661,VA,VA,Virginia
"Rochelle, IL",40300,Micropolitan Statistical Area,51536,IL,IL,Illinois
"Rochester, MN",40340,Metropolitan Statistical Area,227252,MN,MN,Minnesota
"Rochester, NY",40380,Metropolitan Statistical Area,1058875,NY,NY,New York
"Rock Springs, WY",40540,Micropolitan Statistical Area,41786,WY,WY,Wyoming
"Rockford, IL",40420,Metropolitan Statistical Area,336605,IL,IL,Illinois
"Rockingham, NC",40460,Micropolitan Statistical Area,42818,NC,NC,North Carolina
"Rocky Mount, NC",40580,Metropolitan Statistical Area,144228,NC,NC,North Carolina
"Rolla, MO",40620,Micropolitan Statistical Area,44948,MO,MO,Missouri
"Rome, GA",40660,Metropolitan Statistical Area,98985,GA,GA,Georgia
"Roseburg, OR",40700,Micropolitan Statistical Area,111807,OR,OR,Oregon
"Roswell, NM",40740,Micropolitan Statistical Area,64446,NM,NM,New Mexico
"Ruidoso, NM",40760,Micropolitan Statistical Area,20227,NM,NM,New Mexico
"Russellville, AL",40770,Micropolitan Statistical Area,31978,AL,AL,Alabama
"Russellville, AR",40780,Micropolitan Statistical Area,84025,AR,AR,Arkansas
"Ruston, LA",40820,Micropolitan Statistical Area,48160,LA,LA,Louisiana
"Rutland, VT",40860,Micropolitan Statistical Area,60484,VT,VT,Vermont
"Sacramento-Roseville-Folsom, CA",40900,Metropolitan Statistical Area,2406563,CA,CA,California
"Safford, AZ",40940,Micropolitan Statistical Area,38860,AZ,AZ,Arizona
"Saginaw, MI",40980,Metropolitan Statistical Area,189210,MI,MI,Michigan
"Salem, OH",41400,Micropolitan Statistical Area,101203,OH,OH,Ohio
"Salem, OR",41420,Metropolitan Statistical Area,435085,OR,OR,Oregon
"Salina, KS",41460,Micropolitan Statistical Area,59583,KS,KS,Kansas
"Salinas, CA",41500,Metropolitan Statistical Area,435834,CA,CA,California
"Salisbury, MD",41540,Metropolitan Statistical Area,128802,MD,MD,Maryland
"Salt Lake City-Murray, UT",41620,Metropolitan Statistical Area,1261337,UT,UT,Utah
"San Angelo, TX",41660,Metropolitan Statistical Area,120830,TX,TX,Texas
"San Antonio-New Braunfels, TX",41700,Metropolitan Statistical Area,2612802,TX,TX,Texas
"San Diego-Chula Vista-Carlsbad, CA",41740,Metropolitan Statistical Area,3282782,CA,CA,California
"San Francisco-Oakland-Fremont, CA",41860,Metropolitan Statistical Area,4653593,CA,CA,California
"San Jose-Sunnyvale-Santa Clara, CA",41940,Metropolitan Statistical Area,1969353,CA,CA,California
"San Juan-BayamÃ³n-Caguas, PR",41980,Metropolitan Statistical Area,2063795,PR,PR,Puerto Rico
"San Luis Obispo-Paso Robles, CA",42020,Metropolitan Statistical Area,281486,CA,CA,California
"Sandpoint, ID",41760,Micropolitan Statistical Area,49456,ID,ID,Idaho
"Sandusky, OH",41780,Metropolitan Statistical Area,115099,OH,OH,Ohio
"Sanford, NC",41820,Micropolitan Statistical Area,64565,NC,NC,North Carolina
"Santa Cruz-Watsonville, CA",42100,Metropolitan Statistical Area,266021,CA,CA,California
"Santa Fe, NM",42140,Metropolitan Statistical Area,155175,NM,NM,New Mexico
"Santa Maria-Santa Barbara, CA",42200,Metropolitan Statistical Area,443975,CA,CA,California
"Santa Rosa-Petaluma, CA",42220,Metropolitan Statistical Area,485642,CA,CA,California
"Sault Ste. Marie, MI",42300,Micropolitan Statistical Area,36448,MI,MI,Michigan
"Savannah, GA",42340,Metropolitan Statistical Area,412089,GA,GA,Georgia
"Sayre, PA",42380,Micropolitan Statistical Area,59971,PA,PA,Pennsylvania
"Scottsbluff, NE",42420,Micropolitan Statistical Area,36594,NE,NE,Nebraska
"Scottsboro, AL",42460,Micropolitan Statistical Area,52839,AL,AL,Alabama
"Scranton--Wilkes-Barre, PA",42540,Metropolitan Statistical Area,567887,PA,PA,Pennsylvania
"Seaford, DE",42580,Micropolitan Statistical Area,247799,DE,DE,Delaware
"Searcy, AR",42620,Micropolitan Statistical Area,77395,AR,AR,Arkansas
"Seattle-Tacoma-Bellevue, WA",42660,Metropolitan Statistical Area,4021467,WA,WA,Washington
"Sebastian-Vero Beach-West Vero Corridor, FL",42680,Metropolitan Statistical Area,163856,FL,FL,Florida
"Sebring, FL",42700,Metropolitan Statistical Area,103808,FL,FL,Florida
"Sedalia, MO",42740,Micropolitan Statistical Area,43205,MO,MO,Missouri
"Selinsgrove, PA",42780,Micropolitan Statistical Area,39711,PA,PA,Pennsylvania
"Selma, AL",42820,Micropolitan Statistical Area,37536,AL,AL,Alabama
"Seneca Falls, NY",42900,Micropolitan Statistical Area,33125,NY,NY,New York
"Seneca, SC",42860,Micropolitan Statistical Area,79566,SC,SC,South Carolina
"Sevierville, TN",42940,Micropolitan Statistical Area,98802,TN,TN,Tennessee
"Seymour, IN",42980,Micropolitan Statistical Area,46319,IN,IN,Indiana
"Shawano, WI",43020,Micropolitan Statistical Area,45183,WI,WI,Wisconsin
"Shawnee, OK",43060,Micropolitan Statistical Area,73011,OK,OK,Oklahoma
"Sheboygan, WI",43100,Metropolitan Statistical Area,117783,WI,WI,Wisconsin
"Shelby-Kings Mountain, NC",43140,Micropolitan Statistical Area,100170,NC,NC,North Carolina
"Shelbyville, TN",43180,Micropolitan Statistical Area,51291,TN,TN,Tennessee
"Shelton, WA",43220,Micropolitan Statistical Area,66968,WA,WA,Washington
"Sheridan, WY",43260,Micropolitan Statistical Area,31585,WY,WY,Wyoming
"Sherman-Denison, TX",43300,Metropolitan Statistical Area,139988,TX,TX,Texas
"Show Low, AZ",43320,Micropolitan Statistical Area,107744,AZ,AZ,Arizona
"Shreveport-Bossier City, LA",43340,Metropolitan Statistical Area,389004,LA,LA,Louisiana
"Sidney, OH",43380,Micropolitan Statistical Area,48007,OH,OH,Ohio
"Sierra Vista-Douglas, AZ",43420,Metropolitan Statistical Area,125458,AZ,AZ,Arizona
"Sikeston, MO",43460,Micropolitan Statistical Area,50046,MO,MO,Missouri
"Silver City, NM",43500,Micropolitan Statistical Area,27856,NM,NM,New Mexico
"Sioux City, IA-NE-SD",43580,Metropolitan Statistical Area,144007,IA-NE-SD,IA,Iowa
"Sioux Falls, SD-MN",43620,Metropolitan Statistical Area,293107,SD-MN,SD,South Dakota
"Slidell-Mandeville-Covington, LA",43640,Metropolitan Statistical Area,269331,LA,LA,Louisiana
"Snyder, TX",43660,Micropolitan Statistical Area,16633,TX,TX,Texas
"Somerset, KY",43700,Micropolitan Statistical Area,65503,KY,KY,Kentucky
"Somerset, PA",43740,Micropolitan Statistical Area,73255,PA,PA,Pennsylvania
"Sonora, CA",43760,Micropolitan Statistical Area,54873,CA,CA,California
"South Bend-Mishawaka, IN-MI",43780,Metropolitan Statistical Area,324180,IN-MI,IN,Indiana
"Sparta, WI",43890,Micropolitan Statistical Area,46169,WI,WI,Wisconsin
"Spartanburg, SC",43900,Metropolitan Statistical Area,365086,SC,SC,South Carolina
"Spearfish, SD",43940,Micropolitan Statistical Area,26574,SD,SD,South Dakota
"Spencer, IA",43980,Micropolitan Statistical Area,16446,IA,IA,Iowa
"Spirit Lake, IA",44020,Micropolitan Statistical Area,17844,IA,IA,Iowa
"Spokane-Spokane Valley, WA",44060,Metropolitan Statistical Area,591793,WA,WA,Washington
"Springfield, IL",44100,Metropolitan Statistical Area,207386,IL,IL,Illinois
"Springfield, MA",44140,Metropolitan Statistical Area,462853,MA,MA,Massachusetts
"Springfield, MO",44180,Metropolitan Statistical Area,481671,MO,MO,Missouri
"Springfield, OH",44220,Metropolitan Statistical Area,135445,OH,OH,Ohio
"St. Cloud, MN",41060,Metropolitan Statistical Area,200816,MN,MN,Minnesota
"St. George, UT",41100,Metropolitan Statistical Area,189827,UT,UT,Utah
"St. Joseph, MO-KS",41140,Metropolitan Statistical Area,120609,MO-KS,MO,Missouri
"St. Louis, MO-IL",41180,Metropolitan Statistical Area,2809414,MO-IL,MO,Missouri
"St. Marys, PA",41260,Micropolitan Statistical Area,30703,PA,PA,Pennsylvania
"Starkville, MS",44260,Micropolitan Statistical Area,61415,MS,MS,Mississippi
"State College, PA",44300,Metropolitan Statistical Area,158041,PA,PA,Pennsylvania
"Statesboro, GA",44340,Micropolitan Statistical Area,92112,GA,GA,Georgia
"Staunton-Stuarts Draft, VA",44420,Metropolitan Statistical Area,126052,VA,VA,Virginia
"Steamboat Springs, CO",44460,Micropolitan Statistical Area,38248,CO,CO,Colorado
"Stephenville, TX",44500,Micropolitan Statistical Area,43244,TX,TX,Texas
"Sterling, CO",44540,Micropolitan Statistical Area,21067,CO,CO,Colorado
"Sterling, IL",44580,Micropolitan Statistical Area,55192,IL,IL,Illinois
"Stevens Point-Plover, WI",44620,Micropolitan Statistical Area,70375,WI,WI,Wisconsin
"Stillwater, OK",44660,Micropolitan Statistical Area,82290,OK,OK,Oklahoma
"Stockton-Lodi, CA",44700,Metropolitan Statistical Area,787416,CA,CA,California
"Storm Lake, IA",44740,Micropolitan Statistical Area,20684,IA,IA,Iowa
"Sturgis, MI",44780,Micropolitan Statistical Area,60870,MI,MI,Michigan
"Sulphur Springs, TX",44860,Micropolitan Statistical Area,37351,TX,TX,Texas
"Summerville, GA",44900,Micropolitan Statistical Area,24975,GA,GA,Georgia
"Sumter, SC",44940,Metropolitan Statistical Area,104853,SC,SC,South Carolina
"Sunbury, PA",44980,Micropolitan Statistical Area,109004,PA,PA,Pennsylvania
"Susanville, CA",45000,Micropolitan Statistical Area,31177,CA,CA,California
"Sweetwater, TX",45020,Micropolitan Statistical Area,14565,TX,TX,Texas
"Syracuse, NY",45060,Metropolitan Statistical Area,657128,NY,NY,New York
"Tahlequah, OK",45140,Micropolitan Statistical Area,47621,OK,OK,Oklahoma
"Talladega-Sylacauga, AL",45180,Micropolitan Statistical Area,91493,AL,AL,Alabama
"Tallahassee, FL",45220,Metropolitan Statistical Area,388298,FL,FL,Florida
"Tampa-St. Petersburg-Clearwater, FL",45300,Metropolitan Statistical Area,3240469,FL,FL,Florida
"Taos, NM",45340,Micropolitan Statistical Area,34516,NM,NM,New Mexico
"Taylorville, IL",45380,Micropolitan Statistical Area,33684,IL,IL,Illinois
"Terre Haute, IN",45460,Metropolitan Statistical Area,168850,IN,IN,Indiana
"Texarkana, TX-AR",45500,Metropolitan Statistical Area,146868,TX-AR,TX,Texas
"The Dalles, OR",45520,Micropolitan Statistical Area,26603,OR,OR,Oregon
"Thomaston, GA",45580,Micropolitan Statistical Area,27856,GA,GA,Georgia
"Thomasville, GA",45620,Micropolitan Statistical Area,71752,GA,GA,Georgia
"Tiffin, OH",45660,Micropolitan Statistical Area,54861,OH,OH,Ohio
"Tifton, GA",45700,Micropolitan Statistical Area,50237,GA,GA,Georgia
"Toccoa, GA",45740,Micropolitan Statistical Area,26842,GA,GA,Georgia
"Toledo, OH",45780,Metropolitan Statistical Area,602977,OH,OH,Ohio
"Topeka, KS",45820,Metropolitan Statistical Area,232724,KS,KS,Kansas
"Torrington, CT",45860,Micropolitan Statistical Area,112848,CT,CT,Connecticut
"Town of Pecos, TX",45880,Micropolitan Statistical Area,13219,TX,TX,Texas
"Traverse City, MI",45900,Metropolitan Statistical Area,154657,MI,MI,Michigan
"Trenton-Princeton, NJ",45940,Metropolitan Statistical Area,383286,NJ,NJ,New Jersey
"Troy, AL",45980,Micropolitan Statistical Area,32953,AL,AL,Alabama
"Truckee-Grass Valley, CA",46020,Micropolitan Statistical Area,102452,CA,CA,California
"Tucson, AZ",46060,Metropolitan Statistical Area,1049947,AZ,AZ,Arizona
"Tullahoma-Manchester, TN",46100,Micropolitan Statistical Area,65551,TN,TN,Tennessee
"Tulsa, OK",46140,Metropolitan Statistical Area,1026209,OK,OK,Oklahoma
"Tupelo, MS",46180,Micropolitan Statistical Area,132079,MS,MS,Mississippi
"Tuscaloosa, AL",46220,Metropolitan Statistical Area,275217,AL,AL,Alabama
"Twin Falls, ID",46300,Metropolitan Statistical Area,116909,ID,ID,Idaho
"Tyler, TX",46340,Metropolitan Statistical Area,238014,TX,TX,Texas
"Ukiah, CA",46380,Micropolitan Statistical Area,90709,CA,CA,California
"Union City, TN",46460,Micropolitan Statistical Area,30570,TN,TN,Tennessee
"Urban Honolulu, HI",46520,Metropolitan Statistical Area,1003666,HI,HI,Hawaii
"Urbana, OH",46500,Micropolitan Statistical Area,38772,OH,OH,Ohio
"Utica-Rome, NY",46540,Metropolitan Statistical Area,289577,NY,NY,New York
"Utuado, PR",46580,Micropolitan Statistical Area,27896,PR,PR,Puerto Rico
"Uvalde, TX",46620,Micropolitan Statistical Area,24810,TX,TX,Texas
"Valdosta, GA",46660,Metropolitan Statistical Area,149139,GA,GA,Georgia
"Vallejo, CA",46700,Metropolitan Statistical Area,450824,CA,CA,California
"Van Wert, OH",46780,Micropolitan Statistical Area,28824,OH,OH,Ohio
"Vermillion, SD",46820,Micropolitan Statistical Area,15133,SD,SD,South Dakota
"Vernal, UT",46860,Micropolitan Statistical Area,36458,UT,UT,Utah
"Vernon, TX",46900,Micropolitan Statistical Area,12712,TX,TX,Texas
"Vicksburg, MS",46980,Micropolitan Statistical Area,43623,MS,MS,Mississippi
"Victoria, TX",47020,Metropolitan Statistical Area,98377,TX,TX,Texas
"Vidalia, GA",47080,Micropolitan Statistical Area,35618,GA,GA,Georgia
"Vincennes, IN",47180,Micropolitan Statistical Area,36108,IN,IN,Indiana
"Vineland, NJ",47220,Metropolitan Statistical Area,152915,NJ,NJ,New Jersey
"Vineyard Haven, MA",47240,Micropolitan Statistical Area,20751,MA,MA,Massachusetts
"Virginia Beach-Chesapeake-Norfolk, VA-NC",47260,Metropolitan Statistical Area,1782590,VA-NC,VA,Virginia
"Visalia, CA",47300,Metropolitan Statistical Area,475774,CA,CA,California
"Wabash, IN",47340,Micropolitan Statistical Area,30901,IN,IN,Indiana
"Waco, TX",47380,Metropolitan Statistical Area,299217,TX,TX,Texas
"Wahpeton, ND-MN",47420,Micropolitan Statistical Area,22963,ND-MN,ND,North Dakota
"Walla Walla, WA",47460,Metropolitan Statistical Area,62102,WA,WA,Washington
"Wapakoneta, OH",47540,Micropolitan Statistical Area,46209,OH,OH,Ohio
"Warner Robins, GA",47580,Metropolitan Statistical Area,195171,GA,GA,Georgia
"Warren, PA",47620,Micropolitan Statistical Area,38174,PA,PA,Pennsylvania
"Warrensburg, MO",47660,Micropolitan Statistical Area,54331,MO,MO,Missouri
"Warsaw, IN",47700,Micropolitan Statistical Area,80357,IN,IN,Indiana
"Washington Court House, OH",47920,Micropolitan Statistical Area,28880,OH,OH,Ohio
"Washington, IN",47780,Micropolitan Statistical Area,33442,IN,IN,Indiana
"Washington, NC",47820,Micropolitan Statistical Area,44597,NC,NC,North Carolina
"Washington-Arlington-Alexandria, DC-VA-MD-WV",47900,Metropolitan Statistical Area,6263796,DC-VA-MD-WV,DC,District Of Columbia
"Waterbury-Shelton, CT",47930,Metropolitan Statistical Area,452303,CT,CT,Connecticut
"Waterloo-Cedar Falls, IA",47940,Metropolitan Statistical Area,168163,IA,IA,Iowa
"Watertown, SD",47980,Micropolitan Statistical Area,28556,SD,SD,South Dakota
"Watertown-Fort Atkinson, WI",48020,Micropolitan Statistical Area,85867,WI,WI,Wisconsin
"Watertown-Fort Drum, NY",48060,Metropolitan Statistical Area,116130,NY,NY,New York
"Wausau, WI",48140,Metropolitan Statistical Area,138067,WI,WI,Wisconsin
"Waycross, GA",48180,Micropolitan Statistical Area,55954,GA,GA,Georgia
"Waynesville, NC",48200,Micropolitan Statistical Area,62432,NC,NC,North Carolina
"Weatherford, OK",48220,Micropolitan Statistical Area,39189,OK,OK,Oklahoma
"Weirton-Steubenville, WV-OH",48260,Metropolitan Statistical Area,115566,WV-OH,WV,West Virginia
"Wenatchee-East Wenatchee, WA",48300,Metropolitan Statistical Area,123251,WA,WA,Washington
"West Plains, MO",48460,Micropolitan Statistical Area,40168,MO,MO,Missouri
"Wheeling, WV-OH",48540,Metropolitan Statistical Area,138015,WV-OH,WV,West Virginia
"Whitewater-Elkhorn, WI",48580,Micropolitan Statistical Area,105447,WI,WI,Wisconsin
"Wichita Falls, TX",48660,Metropolitan Statistical Area,148978,TX,TX,Texas
"Wichita, KS",48620,Metropolitan Statistical Area,648935,KS,KS,Kansas
"Wildwood-The Villages, FL",48680,Metropolitan Statistical Area,137536,FL,FL,Florida
"Williamsport, PA",48700,Metropolitan Statistical Area,113570,PA,PA,Pennsylvania
"Williston, ND",48780,Micropolitan Statistical Area,39368,ND,ND,North Dakota
"Willmar, MN",48820,Micropolitan Statistical Area,43757,MN,MN,Minnesota
"Wilmington, NC",48900,Metropolitan Statistical Area,440578,NC,NC,North Carolina
"Wilmington, OH",48940,Micropolitan Statistical Area,42014,OH,OH,Ohio
"Wilson, NC",48980,Micropolitan Statistical Area,78648,NC,NC,North Carolina
"Winchester, TN",49010,Micropolitan Statistical Area,43478,TN,TN,Tennessee
"Winchester, VA-WV",49020,Metropolitan Statistical Area,144676,VA-WV,VA,Virginia
"Winnemucca, NV",49080,Micropolitan Statistical Area,17299,NV,NV,Nevada
"Winona, MN",49100,Micropolitan Statistical Area,49705,MN,MN,Minnesota
"Winston-Salem, NC",49180,Metropolitan Statistical Area,683637,NC,NC,North Carolina
"Wisconsin Rapids-Marshfield, WI",49220,Micropolitan Statistical Area,74039,WI,WI,Wisconsin
"Woodward, OK",49260,Micropolitan Statistical Area,20260,OK,OK,Oklahoma
"Wooster, OH",49300,Micropolitan Statistical Area,116618,OH,OH,Ohio
"Worcester, MA",49340,Metropolitan Statistical Area,861664,MA,MA,Massachusetts
"Worthington, MN",49380,Micropolitan Statistical Area,22067,MN,MN,Minnesota
"Yakima, WA",49420,Metropolitan Statistical Area,256605,WA,WA,Washington
"Yankton, SD",49460,Micropolitan Statistical Area,23379,SD,SD,South Dakota
"York-Hanover, PA",49620,Metropolitan Statistical Area,459312,PA,PA,Pennsylvania
"Youngstown-Warren, OH",49660,Metropolitan Statistical Area,428430,OH,OH,Ohio
"Yuba City, CA",49700,Metropolitan Statistical Area,182050,CA,CA,California
"Yuma, AZ",49740,Metropolitan Statistical Area,207685,AZ,AZ,Arizona
"Zanesville, OH",49780,Micropolitan Statistical Area,86382,OH,OH,Ohio
"Zapata, TX",49820,Micropolitan Statistical Area,13855,TX,TX,Texas